{"chunk_definitions":[{"row":20,"row_count":1,"visible":true,"expansion_state":0,"options":{"engine":"r","include":false,"label":"unnamed-chunk-1","dev":"png"},"document_id":"44D44C3C","chunk_id":"csvwwy9lb23ci","chunk_label":"unnamed-chunk-1"},{"row":32,"row_count":1,"visible":true,"expansion_state":0,"options":{"engine":"r","include":false,"label":"unnamed-chunk-2","dev":"png"},"document_id":"44D44C3C","chunk_id":"c24x60ck06syk","chunk_label":"unnamed-chunk-2"},{"row":41,"row_count":1,"visible":true,"expansion_state":0,"options":{"engine":"r","include":false,"label":"unnamed-chunk-3","dev":"png"},"document_id":"44D44C3C","chunk_id":"c0me29q139c1k","chunk_label":"unnamed-chunk-3"},{"row":47,"row_count":1,"visible":true,"expansion_state":0,"options":{"engine":"r","echo":false,"out.width":"50%","label":"unnamed-chunk-7","dev":"png"},"document_id":"44D44C3C","chunk_id":"cqvqhivqsrbyc","chunk_label":"unnamed-chunk-4"}],"doc_write_time":1743546658,"chunk_rendered_width":700}